particles_velocity_hist_json,particles_position_hist_json,particles_cost_hist_json,particles_pbest_cost_json,particles_pbest_pos_json,swarm_global_best_json,swarm_best_position_json
"[[0.45551924964951274, 0.49188849074683805, -0.2376053447368186], [0.5783669207733007, 0.24315604176612626, -0.07099674606886233], [0.040471309989262155, 0.3107023764805749, 0.6495266457589325], [-0.7014593890072043, -0.1363448599685681, 0.343387703495624], [0.5874573003017537, 0.4749160656391421, -0.027772920713265647], [0.03480734058097745, 0.7656748739189276, 0.5287559361628476], [-0.05525324222294958, -0.07056941316929392, -0.05509701476693679], [0.03922910542604899, 0.04612831781634185, -0.2810282380728665], [-0.25448450253548854, 0.697756559487002, 0.7575639367474798], [0.21316546642132422, -0.6300840481833528, 0.7967840226272824], [-0.16725390842979443, 0.27448357786293914, 0.2968764226535368], [-0.25352814775785615, 0.5178612151063635, 0.3991162993261334], [0.2797243177781853, 0.5169648079118199, 0.5648326414662531], [0.38436622081929317, 0.14724176371891184, 0.09798927078855986], [0.1291915725615856, -0.2914429638432398, 0.13963166667274346]]","[[0.8732927832660186, 0.7712608706811984, 0.7176212387887524], [0.5898164427858754, 1.1070790403543667, 0.309067809496112], [0.37810238646264804, 1.3029235504856118, 0.7652884412850764], [0.16754721589319732, 0.5197828075574784, 0.6593314364115423], [0.6044590463437698, 0.529720274479485, 0.8265787466855008], [0.6286251065978296, 1.1277571559830513, 1.3672795307322212], [0.3266220602957768, 0.6873610017177407, 0.4732095313238422], [0.186734834007419, 0.5583417610855987, 0.697246520301167], [0.26099427791529645, 1.3783367833773748, 0.8803472315068035], [0.6818523800863969, 0.3367517671386505, 0.9857809062015119], [0.23424195327681357, 0.8057137672610595, 0.5295528554112694], [0.23632642357940614, 0.9671886187260093, 0.4342507055220716], [0.7072964607001466, 0.5879441509095631, 0.6619171953926388], [0.4164891499855988, 0.4913825301089063, 0.3106691128680839], [1.0532658277959508, 0.3574689246581924, 0.7050873289051593]]","[-0.8671662456893814, -0.9781200998224804, -0.8780110098674927, -0.8185075857393518, -0.9815778924955492, -0.8661240857917434, -0.9116631819981423, -0.8566825573621407, -0.9355364059043529, -0.8497290419814375, -1.0121046227292811, -1.0012686577673962, -1.0882374558771484, -1.1109805330141551, -0.7622902901696222]","[-0.8671662456893814, -0.9781200998224804, -0.8780110098674927, -0.8185075857393518, -0.9815778924955492, -0.8661240857917434, -0.9116631819981423, -0.8566825573621407, -0.9355364059043529, -0.8497290419814375, -1.0121046227292811, -1.0012686577673962, -1.0882374558771484, -1.1109805330141551, -0.7622902901696222]","[[0.4177735336165058, 0.27937237993436037, 0.955226583525571], [0.011449522012574764, 0.8639229985882405, 0.3800645555649743], [0.33763107647338586, 0.992221174005037, 0.11576179552614396], [0.8690066049004016, 0.6561276675260465, 0.3159437329159184], [0.017001746042016097, 0.05480420884034287, 0.8543516673987664], [0.5938177660168521, 0.36208228206412363, 0.8385235945693738], [0.38187530251872637, 0.7579304148870346, 0.528306546090779], [0.14750572858137, 0.5122134432692569, 0.9782747583740334], [0.515478780450785, 0.6805802238903728, 0.1227832947593237], [0.46868691366507276, 0.9668358153220034, 0.1889968835742295], [0.401495861706608, 0.5312301893981203, 0.23267643275773253], [0.4898545713372623, 0.44932740361964574, 0.03513440619593822], [0.42757214292196133, 0.07097934299774322, 0.09708455392638571], [0.03212292916630566, 0.34414076638999447, 0.21267984207952406], [0.9240742552343651, 0.6489118885014322, 0.565455662232416]]",-1.1109805330141551,"[0.03212292916630566, 0.34414076638999447, 0.21267984207952406]"
"[[-0.23521165473400646, 0.07666800359205311, 0.054763761701527185], [-0.23422083737231475, -0.6554292559579268, -0.16533755727804028], [-0.15779309011728673, -0.6002922291081908, -0.5554309776502451], [-0.6831339164298383, -0.13395625502791794, 0.26239117126171885], [-0.8889357872857543, -0.49557563529774595, -0.672820741228556], [-0.06363252574542175, -1.2221983754188135, -1.2353085555899108], [-0.3820308198919366, -0.16041747801817985, -0.22817358765672946], [-0.0454867245302898, -0.10278924430798611, -0.8251598256851644], [-0.2320168542730714, 0.31750499340523025, 0.11213271381384637], [-0.34296812074330646, 0.19445641789589868, -0.5398472017712175], [-0.10813476035774067, 0.10060095343176899, -0.22014300097606102], [-0.07139432634969396, 0.10774680446946489, 0.011552931674461503], [-0.2366859343406545, -0.04214811159114084, -0.5879367524157632], [0.0879742188506669, -0.08148960211747774, -0.04438569999751372], [-0.3682106465381836, -0.2505071300186027, -0.5034939225164259]]","[[0.638081128532012, 0.8479288742732516, 0.7723850004902796], [0.35559560541356067, 0.4516497843964399, 0.14373025221807173], [0.2203092963453613, 0.702631321377421, 0.20985746363483138], [-0.515586700536641, 0.38582655252956044, 0.9217226076732612], [-0.2844767409419845, 0.034144639181739045, 0.15375800545694485], [0.5649925808524078, -0.09444121943576222, 0.13197097514231038], [-0.05540875959615982, 0.5269435236995609, 0.24503594366711273], [0.1412481094771292, 0.45555251677761266, -0.12791330538399748], [0.028977423642225053, 1.695841776782605, 0.9924799453206499], [0.33888425934309047, 0.5312081850345491, 0.44593370443029445], [0.1261071929190729, 0.9063147206928285, 0.3094098544352084], [0.1649320972297122, 1.0749354231954742, 0.44580363719653315], [0.47061052635949213, 0.5457960393184222, 0.07398044297687567], [0.5044633688362657, 0.40989292799142857, 0.26628341287057017], [0.6850551812577672, 0.10696179463958971, 0.20159340638873346]]","[-0.7004965156905029, -0.74778153331918, -0.6456002260931899, -0.9886734760951107, -0.8266809314656248, -0.4059727897360349, -0.9594306770916577, -0.9635617511523619, -0.6105154884686894, -0.7808002783426277, -0.9309475863071381, -0.8920990589124169, -0.8351819412743451, -1.0153368174678055, -0.7659151554609506]","[-0.8671662456893814, -0.9781200998224804, -0.8780110098674927, -0.9886734760951107, -0.9815778924955492, -0.8661240857917434, -0.9594306770916577, -0.9635617511523619, -0.9355364059043529, -0.8497290419814375, -1.0121046227292811, -1.0012686577673962, -1.0882374558771484, -1.1109805330141551, -0.7659151554609506]","[[0.4177735336165058, 0.27937237993436037, 0.955226583525571], [0.011449522012574764, 0.8639229985882405, 0.3800645555649743], [0.33763107647338586, 0.992221174005037, 0.11576179552614396], [0.16754721589319732, 0.5197828075574784, 0.6593314364115423], [0.017001746042016097, 0.05480420884034287, 0.8543516673987664], [0.5938177660168521, 0.36208228206412363, 0.8385235945693738], [0.3266220602957768, 0.6873610017177407, 0.4732095313238422], [0.186734834007419, 0.5583417610855987, 0.697246520301167], [0.515478780450785, 0.6805802238903728, 0.1227832947593237], [0.46868691366507276, 0.9668358153220034, 0.1889968835742295], [0.401495861706608, 0.5312301893981203, 0.23267643275773253], [0.4898545713372623, 0.44932740361964574, 0.03513440619593822], [0.42757214292196133, 0.07097934299774322, 0.09708455392638571], [0.03212292916630566, 0.34414076638999447, 0.21267984207952406], [1.0532658277959508, 0.3574689246581924, 0.7050873289051593]]",-1.1109805330141551,"[0.03212292916630566, 0.34414076638999447, 0.21267984207952406]"
"[[-0.6536417276068099, -0.3217105390926067, 0.01855556464323188], [-0.6024484117274812, -0.9438947701534122, -0.1304265217195488], [-0.732557628898018, -1.0121846979843308, -0.47214276685396117], [0.25270690750456526, -0.3262989251324909, -0.7217024138783912], [-0.7111486298286035, -0.3964605082381968, -0.5382565929828448], [-0.8591149095898517, -0.8476565962005627, -0.9656036450529162], [-0.41858091817295207, -0.3315012597298321, -0.29845941249450475], [-0.4944846039712697, -0.15753607651836116, -0.48931167833605616], [-0.4312196213156507, -1.6261066908661004, -1.4343181270321155], [-0.7270822483221567, -0.15546207492744232, -0.4661563204552663], [-0.000491596523808896, -0.36438247597245105, -0.2901699428797985], [-0.0887215128459643, -0.2907031179562227, -0.2599192164824726], [-0.6446368361485226, -0.6632852034496498, -0.3566225361157755], [-1.1470624651818837, -0.6408641981347792, -0.12968679689613416], [-1.2755934951945946, -0.2667693080467472, -0.4445641077063819]]","[[-0.015560599074797898, 0.5262183351806449, 0.7909405651335115], [-0.24685280631392054, -0.4922449857569723, 0.013303730498522931], [-0.5122483325526567, -0.30955337660690974, -0.2622853032191298], [-0.26287979303207576, 0.059527627397069516, 0.20002019379487002], [-0.995625370770588, -0.36231586905645774, -0.38449858752589994], [-0.2941223287374439, -0.9420978156363249, -0.8336326699106058], [-0.4739896777691119, 0.1954422639697288, -0.05342346882739202], [-0.3532364944941405, 0.2980164402592515, -0.6172249837200536], [-0.40224219767342567, 0.06973508591650468, -0.4418381817114656], [-0.38819798897906627, 0.3757461101071068, -0.02022261602497183], [0.125615596395264, 0.5419322447203774, 0.019239911555409883], [0.07621058438374789, 0.7842323052392515, 0.18588442071406053], [-0.1740263097890305, -0.11748916413122756, -0.2826420931388998], [-0.642599096345618, -0.23097127014335067, 0.136596615974436], [-0.5905383139368274, -0.1598075134071575, -0.24297070131764842]]","[-0.7373325306571944, -1.0412757955318983, -1.0043948758877534, -0.9070034519093392, -1.1203634594408876, -1.0784877063187945, -1.0854905517043025, -1.0360976241240039, -0.5055726668929749, -1.0068123254651633, -0.9531295555814407, -0.8655598030469835, -0.9853242304112922, -1.01629181991945, -1.029641561907523]","[-0.8671662456893814, -1.0412757955318983, -1.0043948758877534, -0.9886734760951107, -1.1203634594408876, -1.0784877063187945, -1.0854905517043025, -1.0360976241240039, -0.9355364059043529, -1.0068123254651633, -1.0121046227292811, -1.0012686577673962, -1.0882374558771484, -1.1109805330141551, -1.029641561907523]","[[0.4177735336165058, 0.27937237993436037, 0.955226583525571], [0.35559560541356067, 0.4516497843964399, 0.14373025221807173], [0.2203092963453613, 0.702631321377421, 0.20985746363483138], [0.16754721589319732, 0.5197828075574784, 0.6593314364115423], [-0.2844767409419845, 0.034144639181739045, 0.15375800545694485], [0.5649925808524078, -0.09444121943576222, 0.13197097514231038], [-0.05540875959615982, 0.5269435236995609, 0.24503594366711273], [0.1412481094771292, 0.45555251677761266, -0.12791330538399748], [0.515478780450785, 0.6805802238903728, 0.1227832947593237], [0.33888425934309047, 0.5312081850345491, 0.44593370443029445], [0.401495861706608, 0.5312301893981203, 0.23267643275773253], [0.4898545713372623, 0.44932740361964574, 0.03513440619593822], [0.42757214292196133, 0.07097934299774322, 0.09708455392638571], [0.03212292916630566, 0.34414076638999447, 0.21267984207952406], [0.6850551812577672, 0.10696179463958971, 0.20159340638873346]]",-1.1203634594408876,"[-0.2844767409419845, 0.034144639181739045, 0.15375800545694485]"
"[[-0.7888800040663104, -0.3336229686779097, -0.8099976514737494], [0.16284111105574473, 0.14789355174981916, 0.08197713184625327], [-0.07752248853061675, 0.050760366908473964, 0.5627473778719967], [0.20216552600365223, -0.2610391401059928, -0.5773619311027129], [-0.23188982203516956, 0.04487278961680649, 0.6090700566517782], [-0.2794449861317508, 0.9799779107893696, 0.48403655926930117], [0.18804343086863756, -0.2229240515993152, 0.16850144586847152], [0.02106799207708797, -0.04392013080962415, -0.21370661318304962], [-0.32289810383440815, -1.3056327469187168, -0.5425973393807996], [-0.44188468042915396, -0.20783326694678428, -0.1736558285102951], [-0.4018444241030259, -0.6151730141242422, -0.09310299223033541], [-0.2582848162857068, -0.44373933344369765, -0.19691691733587185], [-0.0875192106789734, -0.48927862754578527, 0.14000640688937563], [-0.7221563323433767, 0.27191362614957787, -0.06464199294064005], [0.3916488055951367, 0.20294723263666103, 0.024163555561449362]]","[[-0.8044406031411083, 0.19259536650273518, -0.01905708634023784], [-0.08401169525817581, -0.3443514340071531, 0.0952808623447762], [-0.5897708210832734, -0.25879300969843577, 0.3004620746528669], [-0.06071426702842353, -0.20151151270892326, -0.37734173730784293], [-1.2275151928057575, -0.3174430794396512, 0.22457146912587822], [-0.5735673148691947, 0.03788009515304469, -0.34959611064130464], [-0.2859462469004743, -0.02748178762958639, 0.1150779770410795], [-0.33216850241705254, 0.25409630944962736, -0.8309315969031033], [-0.7251403015078338, -1.235897661002212, -0.9844355210922652], [-0.8300826694082202, 0.1679128431603225, -0.19387844453526693], [-0.2762288277077619, -0.07324076940386481, -0.07386308067492553], [-0.18207423190195893, 0.3404929717955538, -0.011032496621811327], [-0.2615455204680039, -0.6067677916770129, -0.1426356862495242], [-1.3647554286889947, 0.0409423560062272, 0.07195462303379596], [-0.19888950834169072, 0.04313971922950355, -0.21880714575619906]]","[-0.9594644468316179, -1.0407292781940665, -0.958363907225158, -1.1249841002728393, -0.7846963904579602, -0.6231238548063235, -1.07374118690918, -0.863675836899023, -0.9464027952375658, -1.0835148401576093, -1.0501361641084035, -1.0060930253954616, -1.0243763812575353, -1.0182057062501828, -0.9739530860650122]","[-0.9594644468316179, -1.0412757955318983, -1.0043948758877534, -1.1249841002728393, -1.1203634594408876, -1.0784877063187945, -1.0854905517043025, -1.0360976241240039, -0.9464027952375658, -1.0835148401576093, -1.0501361641084035, -1.0060930253954616, -1.0882374558771484, -1.1109805330141551, -1.029641561907523]","[[-0.015560599074797898, 0.5262183351806449, 0.7909405651335115], [0.35559560541356067, 0.4516497843964399, 0.14373025221807173], [0.2203092963453613, 0.702631321377421, 0.20985746363483138], [-0.26287979303207576, 0.059527627397069516, 0.20002019379487002], [-0.2844767409419845, 0.034144639181739045, 0.15375800545694485], [0.5649925808524078, -0.09444121943576222, 0.13197097514231038], [-0.05540875959615982, 0.5269435236995609, 0.24503594366711273], [0.1412481094771292, 0.45555251677761266, -0.12791330538399748], [-0.40224219767342567, 0.06973508591650468, -0.4418381817114656], [-0.38819798897906627, 0.3757461101071068, -0.02022261602497183], [0.125615596395264, 0.5419322447203774, 0.019239911555409883], [0.07621058438374789, 0.7842323052392515, 0.18588442071406053], [0.42757214292196133, 0.07097934299774322, 0.09708455392638571], [0.03212292916630566, 0.34414076638999447, 0.21267984207952406], [0.6850551812577672, 0.10696179463958971, 0.20159340638873346]]",-1.1249841002728393,"[-0.26287979303207576, 0.059527627397069516, 0.20002019379487002]"
"[[-0.1430390864978014, -0.3171664078590508, -0.38369819457257304], [0.03331121172548465, 0.2465373519708372, 0.19060078827152355], [0.2055515498447461, 0.17298754596780871, 0.36281443483778364], [-0.15366180476550606, 0.2623636136539672, -0.006995018880700282], [1.5293084224217126, 0.8351250960688035, 0.44885092592237], [1.552978953988526, 0.650651598340931, 1.0119232740132529], [0.18076847530448253, -0.1641485151583865, 0.22050041420854571], [0.18535291000992082, -0.13090408779340942, 1.5342478309163108], [0.5015911622494497, 1.91865993702324, 1.497938670615013], [0.14655115559926282, -0.29043708646093835, 0.06563257931695185], [-0.30571442482537403, -0.4303334378386983, 0.06892474848352796], [-0.2780638260744243, -0.3794954825498832, 0.004297062651554856], [0.41365698572609727, 0.5127610024159046, 0.3666359826082875], [1.4956289909303413, 0.5647120390424702, 0.14759369436611336], [0.25294030423981145, 0.17788203264560737, 0.5432849662552928]]","[[-0.9474796896389097, -0.12457104135631564, -0.4027552809128109], [-0.05070048353269116, -0.09781408203631592, 0.2858816506162998], [-0.3842192712385273, -0.08580546373062706, 0.6632765094906505], [-0.2143760717939296, 0.06085210094504395, -0.38433675618854324], [0.3017932296159551, 0.5176820166291523, 0.6734223950482483], [0.9794116391193313, 0.6885316934939757, 0.6623271633719483], [-0.10517777159599179, -0.19163030278797288, 0.3355783912496252], [-0.1468155924071317, 0.12319222165621793, 0.7033162340132075], [-0.22354913925838416, 0.6827622760210279, 0.5135031495227479], [-0.6835315138089574, -0.12252424330061584, -0.12824586521831507], [-0.581943252533136, -0.5035742072425631, -0.004938332191397568], [-0.46013805797638324, -0.03900251075432937, -0.006735433970256471], [0.15211146525809338, -0.09400678926110828, 0.2240002963587633], [0.1308735622413466, 0.6056543950486974, 0.21954831739990932], [0.05405079589812073, 0.22102175187511092, 0.3244778204990937]]","[-1.0147398423143532, -1.1005343049657321, -1.0253915514339262, -0.9854228801857042, -0.7908583109822238, -0.9628791369268842, -1.1143612154467808, -0.7308236085356962, -0.41571853489385413, -0.9739809929966724, -1.0826964111129835, -1.0974055204950754, -0.980510457028277, -0.8201140593717422, -1.0531722799994991]","[-1.0147398423143532, -1.1005343049657321, -1.0253915514339262, -1.1249841002728393, -1.1203634594408876, -1.0784877063187945, -1.1143612154467808, -1.0360976241240039, -0.9464027952375658, -1.0835148401576093, -1.0826964111129835, -1.0974055204950754, -1.0882374558771484, -1.1109805330141551, -1.0531722799994991]","[[-0.8044406031411083, 0.19259536650273518, -0.01905708634023784], [-0.08401169525817581, -0.3443514340071531, 0.0952808623447762], [-0.5897708210832734, -0.25879300969843577, 0.3004620746528669], [-0.26287979303207576, 0.059527627397069516, 0.20002019379487002], [-0.2844767409419845, 0.034144639181739045, 0.15375800545694485], [0.5649925808524078, -0.09444121943576222, 0.13197097514231038], [-0.2859462469004743, -0.02748178762958639, 0.1150779770410795], [0.1412481094771292, 0.45555251677761266, -0.12791330538399748], [-0.40224219767342567, 0.06973508591650468, -0.4418381817114656], [-0.38819798897906627, 0.3757461101071068, -0.02022261602497183], [-0.2762288277077619, -0.07324076940386481, -0.07386308067492553], [-0.18207423190195893, 0.3404929717955538, -0.011032496621811327], [0.42757214292196133, 0.07097934299774322, 0.09708455392638571], [0.03212292916630566, 0.34414076638999447, 0.21267984207952406], [-0.19888950834169072, 0.04313971922950355, -0.21880714575619906]]",-1.1249841002728393,"[-0.26287979303207576, 0.059527627397069516, 0.20002019379487002]"
"[[1.5736163890715331, -0.22212844500393977, 0.3467578620773627], [0.15268963176022127, 0.20136165361359068, 0.06600212304461367], [0.6289113177897084, -0.021602572570163972, 0.010015486311099497], [0.1203618179066614, 0.1124143825864848, 0.2910537680996976], [1.1017413300767949, 0.33520017494243715, 0.1404205064438067], [1.0832102192687874, -0.9155015799018528, 0.042954175818660054], [0.2476517564232462, -0.10443181102696335, 0.01889134204524781], [0.4741864156942057, -0.3036182083284923, 1.1385708266148113], [0.5282993391398412, 0.905885669906165, 1.174338274824108], [0.26840021714306034, 0.4612950640846133, 0.3227325422544904], [-0.138626415201769, 0.5512395623602683, 0.11205531652889232], [0.1762776344613481, -0.032098043068254624, 0.3014691947222738], [0.33092558858087784, 0.4102088019327237, 0.29330878608663], [1.1789109980555772, -0.583131407710811, 0.1129274393293405], [0.2069653288093904, -0.2264859898557302, 0.42227925908954883]]","[[0.6261366994326234, -0.3466994863602554, -0.055997418835448176], [0.10198914822753011, 0.10354757157727476, 0.35188377366091345], [0.24469204655118115, -0.10740803630079103, 0.67329199580175], [-0.0940142538872682, 0.17326648353152874, -0.09328298808884566], [1.40353455969275, 0.8528821915715894, 0.813842901492055], [2.062621858388119, -0.22696988640787708, 0.7052813391906083], [0.1424739848272544, -0.29606211381493625, 0.35446973329487297], [0.327370823287074, -0.18042598667227436, 1.8418870606280189], [0.304750199881457, 1.588647945927193, 1.687841424346856], [-0.41513129666589704, 0.33877082078399745, 0.1944866770361753], [-0.7205696677349049, 0.0476653551177052, 0.10711698433749475], [-0.28386042351503515, -0.07110055382258398, 0.2947337607520173], [0.4830370538389712, 0.3162020126716154, 0.5173090824453933], [1.3097845602969238, 0.02252298733788649, 0.33247575672924984], [0.2610161247075111, -0.005464237980619291, 0.7467570795886425]]","[-0.8445224860742309, -1.1322385626574047, -1.0243191867233905, -0.9867386895488632, -0.9607247593354542, -0.704426291163593, -1.1189633523922495, -1.0429006694097334, -1.0239664539037574, -0.9899878498011486, -0.9571700757379148, -1.072479019506893, -1.1333550305482238, -1.046982101631865, -1.1204145572412554]","[-1.0147398423143532, -1.1322385626574047, -1.0253915514339262, -1.1249841002728393, -1.1203634594408876, -1.0784877063187945, -1.1189633523922495, -1.0429006694097334, -1.0239664539037574, -1.0835148401576093, -1.0826964111129835, -1.0974055204950754, -1.1333550305482238, -1.1109805330141551, -1.1204145572412554]","[[-0.8044406031411083, 0.19259536650273518, -0.01905708634023784], [-0.05070048353269116, -0.09781408203631592, 0.2858816506162998], [-0.5897708210832734, -0.25879300969843577, 0.3004620746528669], [-0.26287979303207576, 0.059527627397069516, 0.20002019379487002], [-0.2844767409419845, 0.034144639181739045, 0.15375800545694485], [0.5649925808524078, -0.09444121943576222, 0.13197097514231038], [-0.10517777159599179, -0.19163030278797288, 0.3355783912496252], [-0.1468155924071317, 0.12319222165621793, 0.7033162340132075], [-0.22354913925838416, 0.6827622760210279, 0.5135031495227479], [-0.38819798897906627, 0.3757461101071068, -0.02022261602497183], [-0.2762288277077619, -0.07324076940386481, -0.07386308067492553], [-0.18207423190195893, 0.3404929717955538, -0.011032496621811327], [0.15211146525809338, -0.09400678926110828, 0.2240002963587633], [0.03212292916630566, 0.34414076638999447, 0.21267984207952406], [0.05405079589812073, 0.22102175187511092, 0.3244778204990937]]",-1.1333550305482238,"[0.15211146525809338, -0.09400678926110828, 0.2240002963587633]"
"[[0.8494229123659666, -0.15694850650141595, 0.3222799635390656], [0.14165529193432572, 0.0571475133552881, -0.10949731592125825], [0.44773596995887466, -0.00042055025173276875, -0.5212290767609681], [0.15120654535729883, -0.2593342771448825, 0.7159803551320452], [0.16134026196188722, -1.8185340189351358, -0.37290632036460947], [-0.6654261386939222, -0.4861831262422963, -0.8846059910008601], [-0.0849655771552977, -0.021816617296671198, -0.08743235144551764], [-0.47798140532935374, 0.0550791335346206, -0.6483915796381654], [-0.10054292319141686, -2.286427100638276, -1.4859135945896647], [0.2500644367686886, 0.09284461185771331, 0.28054027144335436], [1.5192248766317404, 0.16203852351053924, 0.021270684452296323], [0.6975297557483352, -0.03633689659483163, 0.15410457511623044], [-0.004230949158475605, -0.14954724727842375, 0.032021641482391006], [-2.0128082370672558, -0.2568042693380902, -0.1221050775929639], [-0.05378076796422783, -0.13332345440180526, -0.4656018141464711]]","[[1.47555961179859, -0.5036479928616713, 0.2662825447036174], [0.24364444016185582, 0.16069508493256285, 0.2423864577396552], [0.6924280165100558, -0.1078285865525238, 0.15206291904078195], [0.05719229147003063, -0.08606779361335376, 0.6226973670431994], [1.5648748216546373, -0.9656518273635464, 0.4409365811274455], [1.3971957196941966, -0.7131530126501734, -0.1793246518102518], [0.057508407671956696, -0.31787873111160747, 0.2670373818493553], [-0.15061058204227973, -0.12534685313765376, 1.1934954809898535], [0.20420727669004016, -0.6977791547110832, 0.20192782975719137], [-0.16506685989720843, 0.43161543264171076, 0.47502694847952964], [0.7986552088968355, 0.20970387862824444, 0.12838766878979108], [0.41366933223330005, -0.10743745041741562, 0.44883833586824773], [0.4788061046804956, 0.16665476539319166, 0.5493307239277843], [-0.703023676770332, -0.2342812820002037, 0.21037067913628593], [0.2072353567432833, -0.13878769238242455, 0.28115526544217134]]","[-1.048600959897061, -1.1247835866359834, -1.0477539446011144, -1.0922210653153999, -0.4475061348242407, -0.4758983521064362, -1.1154847626883118, -0.2981944340681786, -0.24292580597348273, -1.1028038411908534, -1.0369756200458586, -1.1139351034187983, -1.0092874062126012, -0.8167187879409333, -1.0168086132862535]","[-1.048600959897061, -1.1322385626574047, -1.0477539446011144, -1.1249841002728393, -1.1203634594408876, -1.0784877063187945, -1.1189633523922495, -1.0429006694097334, -1.0239664539037574, -1.1028038411908534, -1.0826964111129835, -1.1139351034187983, -1.1333550305482238, -1.1109805330141551, -1.1204145572412554]","[[0.6261366994326234, -0.3466994863602554, -0.055997418835448176], [-0.05070048353269116, -0.09781408203631592, 0.2858816506162998], [0.24469204655118115, -0.10740803630079103, 0.67329199580175], [-0.26287979303207576, 0.059527627397069516, 0.20002019379487002], [-0.2844767409419845, 0.034144639181739045, 0.15375800545694485], [0.5649925808524078, -0.09444121943576222, 0.13197097514231038], [-0.10517777159599179, -0.19163030278797288, 0.3355783912496252], [-0.1468155924071317, 0.12319222165621793, 0.7033162340132075], [-0.22354913925838416, 0.6827622760210279, 0.5135031495227479], [-0.41513129666589704, 0.33877082078399745, 0.1944866770361753], [-0.2762288277077619, -0.07324076940386481, -0.07386308067492553], [-0.28386042351503515, -0.07110055382258398, 0.2947337607520173], [0.15211146525809338, -0.09400678926110828, 0.2240002963587633], [0.03212292916630566, 0.34414076638999447, 0.21267984207952406], [0.05405079589812073, 0.22102175187511092, 0.3244778204990937]]",-1.1333550305482238,"[0.15211146525809338, -0.09400678926110828, 0.2240002963587633]"
"[[-0.6119017895491495, 0.3134437486567265, -0.19235771074511596], [-0.0954712772425507, -0.36981941576502275, -0.07142648958517056], [0.15342601807056727, 0.0028411294450366846, -0.39684865190525553], [-0.21479120878559, -0.009686611146149321, 0.2123597055806828], [-3.5287353021862216, -0.10157877410638472, -0.6718973005015144], [-2.2114258376214693, 0.4460674795812767, 0.04664884161795807], [-0.02283411530728313, 0.23116519113713763, 0.01845610222477824], [0.029364918376689697, 0.1833155837625785, -1.2193045216227674], [-0.10501213063298402, -1.787693131982865, -1.16375070421498], [0.1999009460350493, -0.34065130724582204, -0.010519340557215345], [-0.7906735377184626, -0.22300792165799727, 0.10850194690562336], [0.12330518396236778, -0.02287099802281611, -0.15238511490129283], [-0.7197095492794532, -0.5629891645613653, -0.2455515774188436], [-0.8665896795038964, 0.1433192239190015, -0.09146091683680994], [-0.07259841089774537, -0.09851809506720019, -0.4538938084932035]]","[[0.8636578222494405, -0.1902042442049448, 0.07392483395850144], [0.14817316291930513, -0.2091243308324599, 0.17095996815448464], [0.8458540345806231, -0.10498745710748711, -0.24478573286447358], [-0.15759891731555936, -0.09575440475950309, 0.8350570726238822], [-1.9638604805315842, -1.067230601469931, -0.23096071937406892], [-0.8142301179272726, -0.2670855330688967, -0.13267581019229374], [0.034674292364673565, -0.08671353997446984, 0.28549348407413355], [-0.12124566366559003, 0.05796873062492475, -0.025809040632913893], [0.09919514605705614, -2.4854722866939483, -0.9618228744577886], [0.034834086137840864, 0.09096412539588872, 0.46450760792231427], [0.007981671178372896, -0.013304043029752827, 0.23688961569541445], [0.5369745161956678, -0.13030844844023173, 0.2964532209669549], [-0.24090344459895757, -0.3963343991681736, 0.30377914650894067], [-1.5696133562742283, -0.0909620580812022, 0.11890976229947599], [0.13463694584553793, -0.23730578744962474, -0.17273854305103215]]","[-0.7978503444505278, -1.1127267831475214, -1.0518787450804203, -1.0737127693870092, -0.6901831240894789, -0.8123965159102502, -1.118012913163763, -0.7783069544877143, -1.0559358547194668, -1.080271137276567, -0.9761392135770499, -1.0869344580095055, -1.029493723262512, -1.0016112927532264, -1.1278576343658056]","[-1.048600959897061, -1.1322385626574047, -1.0518787450804203, -1.1249841002728393, -1.1203634594408876, -1.0784877063187945, -1.1189633523922495, -1.0429006694097334, -1.0559358547194668, -1.1028038411908534, -1.0826964111129835, -1.1139351034187983, -1.1333550305482238, -1.1109805330141551, -1.1278576343658056]","[[0.6261366994326234, -0.3466994863602554, -0.055997418835448176], [-0.05070048353269116, -0.09781408203631592, 0.2858816506162998], [0.6924280165100558, -0.1078285865525238, 0.15206291904078195], [-0.26287979303207576, 0.059527627397069516, 0.20002019379487002], [-0.2844767409419845, 0.034144639181739045, 0.15375800545694485], [0.5649925808524078, -0.09444121943576222, 0.13197097514231038], [-0.10517777159599179, -0.19163030278797288, 0.3355783912496252], [-0.1468155924071317, 0.12319222165621793, 0.7033162340132075], [0.20420727669004016, -0.6977791547110832, 0.20192782975719137], [-0.41513129666589704, 0.33877082078399745, 0.1944866770361753], [-0.2762288277077619, -0.07324076940386481, -0.07386308067492553], [-0.28386042351503515, -0.07110055382258398, 0.2947337607520173], [0.15211146525809338, -0.09400678926110828, 0.2240002963587633], [0.03212292916630566, 0.34414076638999447, 0.21267984207952406], [0.2072353567432833, -0.13878769238242455, 0.28115526544217134]]",-1.1333550305482238,"[0.15211146525809338, -0.09400678926110828, 0.2240002963587633]"
"[[-1.4160066509474984, 0.34826202013444096, -0.09311679656860192], [-0.4330125783037313, -0.14302016723397118, 0.11135504022763912], [-0.9310541104310669, 0.0691289030871944, 0.24040323192132756], [-0.2427584313297713, 0.010832488496841566, -0.7784495476279115], [0.13751997360623824, 2.5039944923203934, 0.23232916180078023], [-0.4990662613563095, 0.681941860306077, 0.7858429929627191], [-0.04517927581045604, 0.18894320450722635, -0.0065843249950545725], [0.07319622209420643, 0.0874916220408094, -0.8199212179125579], [-0.06313276154030047, 0.36090625155411227, -0.28447528895717167], [0.15101503127606744, -0.3473140910512256, -0.020295151950676257], [-0.6325388301747701, -0.17840633732639782, 0.0868015575244987], [-0.7001605058700379, 0.042344831325883125, -0.15940266693284452], [-0.01355039795104769, -0.10238053081353521, -0.22113855885961012], [1.1787459201757713, 0.22159697792338928, -0.016775212795180273], [-0.06700348229895786, 0.27237034195909926, -0.14505430239547457]]","[[-0.5523488286980579, 0.15805777592949616, -0.019191962610100477], [-0.28483941538442614, -0.3521444980664311, 0.28231500838212376], [-0.08520007585044376, -0.03585855402029271, -0.004382500943146017], [-0.4003573486453307, -0.08492191626266152, 0.05660752499597066], [-1.826340506925346, 1.4367638908504623, 0.0013684424267113027], [-1.3132963792835821, 0.41485632723718024, 0.6531671827704253], [-0.010504983445782476, 0.1022296645327565, 0.278909159079079], [-0.048049441571383605, 0.14546035266573415, -0.8457302585454718], [0.03606238451675567, -2.124566035139836, -1.2462981634149601], [0.1858491174139083, -0.2563499656553369, 0.444212455971638], [-0.6245571589963972, -0.19171038035615065, 0.32369117321991314], [-0.16318598967437004, -0.08796361711434861, 0.1370505540341104], [-0.25445384255000525, -0.4987149299817088, 0.08264058764933055], [-0.390867436098457, 0.13063491984218709, 0.10213454950429571], [0.06763346354658006, 0.035064554509474516, -0.3177928454465067]]","[-1.008296660246899, -1.1283267891372413, -0.95141305519241, -0.9824480570317574, -0.2394689811878914, -0.9261713925794886, -1.1344894029304082, -1.1096561403014091, -0.523142029408212, -1.1118712326843976, -1.1373842695756602, -1.0846656027008073, -1.0740551316724876, -0.7133961289978273, -1.0666544108551834]","[-1.048600959897061, -1.1322385626574047, -1.0518787450804203, -1.1249841002728393, -1.1203634594408876, -1.0784877063187945, -1.1344894029304082, -1.1096561403014091, -1.0559358547194668, -1.1118712326843976, -1.1373842695756602, -1.1139351034187983, -1.1333550305482238, -1.1109805330141551, -1.1278576343658056]","[[0.6261366994326234, -0.3466994863602554, -0.055997418835448176], [-0.05070048353269116, -0.09781408203631592, 0.2858816506162998], [0.6924280165100558, -0.1078285865525238, 0.15206291904078195], [-0.26287979303207576, 0.059527627397069516, 0.20002019379487002], [-0.2844767409419845, 0.034144639181739045, 0.15375800545694485], [0.5649925808524078, -0.09444121943576222, 0.13197097514231038], [0.034674292364673565, -0.08671353997446984, 0.28549348407413355], [-0.12124566366559003, 0.05796873062492475, -0.025809040632913893], [0.20420727669004016, -0.6977791547110832, 0.20192782975719137], [0.034834086137840864, 0.09096412539588872, 0.46450760792231427], [0.007981671178372896, -0.013304043029752827, 0.23688961569541445], [-0.28386042351503515, -0.07110055382258398, 0.2947337607520173], [0.15211146525809338, -0.09400678926110828, 0.2240002963587633], [0.03212292916630566, 0.34414076638999447, 0.21267984207952406], [0.2072353567432833, -0.13878769238242455, 0.28115526544217134]]",-1.1373842695756602,"[0.007981671178372896, -0.013304043029752827, 0.23688961569541445]"
"[[-0.5446939447558808, 0.1213043610203505, 0.20674266351957116], [0.059065178691294754, 0.21259849711271028, 0.026005829511390577], [-0.6509042902251535, 0.07475999199888797, 0.4165670598716474], [0.02867953773651307, 0.07754742417223406, -0.456361045539042], [4.1118662099077365, -0.8548691442276942, 0.383664869547172], [2.039663011657124, -0.16006053120174435, 0.23012813796695114], [0.030658661883045453, -0.1364347905039616, -0.04715452024983646], [0.060205075687095384, -0.2549632125436772, 1.5013122689723009], [0.15656806291389114, 3.885578426349758, 0.7860386495206262], [0.10085453739352135, 0.1771673092980576, -0.23218182908476198], [1.1922579997607183, 0.33618202400384595, -0.06347864085219457], [-0.3995250754047584, 0.05336786298799247, -0.05224122252974511], [0.6162887319648771, 0.5463302915176649, -0.002658995337361504], [1.5164738723805746, 0.26383864789841305, 0.045787209925309956], [0.134310191453142, 0.07704486879633277, 0.035633853921177884]]","[[-1.0970427734539387, 0.2793621369498467, 0.18755070090947068], [-0.2257742366931314, -0.13954600095372083, 0.30832083789351433], [-0.7361043660755973, 0.03890143797859526, 0.41218455892850137], [-0.37167781090881763, -0.007374492090427454, -0.39975352054307134], [2.2855257029823903, 0.5818947466227681, 0.3850333119738833], [0.726366632373542, 0.2547957960354359, 0.8832953207373764], [0.020153678437262977, -0.03420512597120509, 0.23175463882924252], [0.012155634115711779, -0.10950285987794306, 0.6555820104268291], [0.1926304474306468, 1.7610123912099218, -0.46025951389433395], [0.28670365480742965, -0.07918265635727931, 0.21203062688687602], [0.5677008407643211, 0.1444716436476953, 0.2602125323677186], [-0.5627110650791285, -0.03459575412635614, 0.08480933150436529], [0.36183488941487185, 0.04761536153595608, 0.07998159231196905], [1.1256064362821177, 0.39447356774060016, 0.14792175942960567], [0.20194365499972206, 0.11210942330580728, -0.2821589915253288]]","[-1.067111119681531, -1.0763994990113626, -1.1137100209677064, -1.087338151154798, -0.4673448817435322, -0.797617073152715, -1.1342700322163488, -0.7154201511890007, -0.5016549799423946, -1.1051378594049988, -1.0267137618618287, -1.1246421519449292, -1.0463125268643514, -1.106508205497803, -1.0191876956516426]","[-1.067111119681531, -1.1322385626574047, -1.1137100209677064, -1.1249841002728393, -1.1203634594408876, -1.0784877063187945, -1.1344894029304082, -1.1096561403014091, -1.0559358547194668, -1.1118712326843976, -1.1373842695756602, -1.1246421519449292, -1.1333550305482238, -1.1109805330141551, -1.1278576343658056]","[[-0.5523488286980579, 0.15805777592949616, -0.019191962610100477], [-0.05070048353269116, -0.09781408203631592, 0.2858816506162998], [-0.08520007585044376, -0.03585855402029271, -0.004382500943146017], [-0.26287979303207576, 0.059527627397069516, 0.20002019379487002], [-0.2844767409419845, 0.034144639181739045, 0.15375800545694485], [0.5649925808524078, -0.09444121943576222, 0.13197097514231038], [0.034674292364673565, -0.08671353997446984, 0.28549348407413355], [-0.12124566366559003, 0.05796873062492475, -0.025809040632913893], [0.20420727669004016, -0.6977791547110832, 0.20192782975719137], [0.034834086137840864, 0.09096412539588872, 0.46450760792231427], [0.007981671178372896, -0.013304043029752827, 0.23688961569541445], [-0.16318598967437004, -0.08796361711434861, 0.1370505540341104], [0.15211146525809338, -0.09400678926110828, 0.2240002963587633], [0.03212292916630566, 0.34414076638999447, 0.21267984207952406], [0.2072353567432833, -0.13878769238242455, 0.28115526544217134]]",-1.1373842695756602,"[0.007981671178372896, -0.013304043029752827, 0.23688961569541445]"
"[[1.8156770838380414, -0.4357669111583859, 0.17909386731170812], [0.3533879422501296, 0.3348777789001176, -0.10145276809427228], [0.9599306980265816, -0.08595684993932151, -0.2214864205122632], [0.39636012897794465, 0.09607154770317214, 0.1414404111428274], [-0.7125655212795508, -1.1206952480707044, -0.008143784990285216], [0.7032237072772308, -0.3944524178237899, -0.8332342527362964], [0.023678749779131116, -0.1006536648453386, -0.03726417210139799], [-0.05215075981276317, -0.09728758486977579, 0.23151081840013796], [-0.07895243598118254, 1.8025344599461355, 1.6237530820834705], [-0.10449515267661752, 0.19715585809264824, -0.15576168638595517], [0.26404897086826645, -0.04803194016364201, -0.07946362191447766], [0.8537577290020611, 0.05897286919663284, 0.18687342896272738], [0.1521040040108511, 0.2593732603907472, 0.416655276868097], [-0.7916081905897878, -0.10387524346867755, 0.13352219580085187], [-0.030847525305072107, -0.15132146822864356, 1.500736267110903]]","[[0.7186343103841026, -0.1564047742085392, 0.3666445682211788], [0.1276137055569982, 0.19533177794639678, 0.20686806979924205], [0.22382633195098434, -0.047055411960726254, 0.19069813841623817], [0.02468231806912702, 0.08869705561274469, -0.25831310940024393], [1.5729601817028396, -0.5388005014479363, 0.37688952698359807], [1.429590339650773, -0.13965662178835403, 0.05006106800108001], [0.04383242821639409, -0.13485879081654367, 0.19449046672784454], [-0.03999512569705139, -0.20679044474771885, 0.887092828826967], [0.11367801144946427, 3.5635468511560573, 1.1634935681891365], [0.18220850213081213, 0.11797320173536893, 0.05626894050092085], [0.8317498116325877, 0.09643970348405329, 0.18074891045324093], [0.29104666392293266, 0.0243771150702767, 0.27168276046709267], [0.513938893425723, 0.3069886219267033, 0.49663686918006605], [0.33399824569232983, 0.2905983242719226, 0.2814439552304575], [0.17109612969464993, -0.03921204492283628, 1.2185772755855742]]","[-0.9428191034335753, -1.1142218922588432, -1.0180231735059957, -0.9640938114739865, -0.30092399708555495, -0.8330085415438935, -1.1369915745148795, -1.061665969175464, -0.6020829418709016, -1.1231572211081444, -1.0533432427100027, -1.0645564322599284, -1.0995781567732643, -0.811294444126242, -1.022364503714913]","[-1.067111119681531, -1.1322385626574047, -1.1137100209677064, -1.1249841002728393, -1.1203634594408876, -1.0784877063187945, -1.1369915745148795, -1.1096561403014091, -1.0559358547194668, -1.1231572211081444, -1.1373842695756602, -1.1246421519449292, -1.1333550305482238, -1.1109805330141551, -1.1278576343658056]","[[-0.5523488286980579, 0.15805777592949616, -0.019191962610100477], [-0.05070048353269116, -0.09781408203631592, 0.2858816506162998], [-0.08520007585044376, -0.03585855402029271, -0.004382500943146017], [-0.26287979303207576, 0.059527627397069516, 0.20002019379487002], [-0.2844767409419845, 0.034144639181739045, 0.15375800545694485], [0.5649925808524078, -0.09444121943576222, 0.13197097514231038], [0.020153678437262977, -0.03420512597120509, 0.23175463882924252], [-0.12124566366559003, 0.05796873062492475, -0.025809040632913893], [0.20420727669004016, -0.6977791547110832, 0.20192782975719137], [0.28670365480742965, -0.07918265635727931, 0.21203062688687602], [0.007981671178372896, -0.013304043029752827, 0.23688961569541445], [-0.16318598967437004, -0.08796361711434861, 0.1370505540341104], [0.15211146525809338, -0.09400678926110828, 0.2240002963587633], [0.03212292916630566, 0.34414076638999447, 0.21267984207952406], [0.2072353567432833, -0.13878769238242455, 0.28115526544217134]]",-1.1373842695756602,"[0.007981671178372896, -0.013304043029752827, 0.23688961569541445]"
"[[0.6325467188443556, 0.028303771330539115, -0.1498378089031154], [0.00883783359046622, -0.001590872709828467, -0.02154275819231189], [0.7205609807530593, -0.034408200393431045, -0.16449000516439186], [0.21211944130589802, -0.03186678822085838, 0.6134339180774822], [-1.5682417157976416, 0.3482505259838463, -0.23326434408346255], [-1.1629853089918945, -0.2511489832842993, -0.5889973108195017], [-0.02793770280630443, 0.10594772803246572, 0.026197880307125207], [-0.06129075114496581, 0.2092802179404936, -0.5837013225968841], [-0.18640775478603988, -8.372543373943298, 0.453864423458604], [-0.2274477268713735, -0.08001230171002605, -0.05851517249360222], [-0.9590310412899044, -0.17147857296386199, 0.007297452412002033], [0.20410220507537669, -0.020831194496217394, 0.07699251720768312], [-0.9170334572169584, -0.6775599214523467, 0.03703099276718766], [-0.9145790800175401, -0.2300458001798238, 0.007871373438344827], [-0.1914387259563544, -0.11943919276149023, 0.37270342972038945]]","[[1.3511810292284583, -0.12810100287800008, 0.2168067593180634], [0.1364515391474644, 0.1937409052365683, 0.18532531160693017], [0.9443873127040436, -0.0814636123541573, 0.026208133251846316], [0.23680175937502504, 0.056830267391886305, 0.3551208086772382], [0.004718465905197977, -0.19054997546409003, 0.1436251829001355], [0.26660503065887853, -0.39080560507265333, -0.5389362428184217], [0.01589472541008966, -0.028911062784077957, 0.22068834703496976], [-0.1012858768420172, 0.0024897731927747413, 0.30339150623008293], [-0.07272974333657561, -4.808996522787241, 1.6173579916477405], [-0.04523922474056136, 0.037960900025342886, -0.002246231992681369], [-0.1272812296573167, -0.0750388694798087, 0.18804636286524296], [0.49514886899830934, 0.0035459205740593046, 0.3486752776747758], [-0.4030945637912354, -0.3705712995256434, 0.5336678619472537], [-0.5805808343252102, 0.060552524092098825, 0.28931532866880233], [-0.020342596261704454, -0.1586512376843265, 1.5912807053059637]]","[-1.0382249114187765, -1.1215815960330966, -1.12811302471693, -1.0425394988638432, -0.7445559460814308, -0.8098521509749194, -1.1337607954507027, -0.9576299177534797, -0.2198217820918769, -1.1125443843013034, -0.9883988484197829, -1.1174981181845434, -1.0082365394369184, -1.07867759023809, -0.7667713032844483]","[-1.067111119681531, -1.1322385626574047, -1.12811302471693, -1.1249841002728393, -1.1203634594408876, -1.0784877063187945, -1.1369915745148795, -1.1096561403014091, -1.0559358547194668, -1.1231572211081444, -1.1373842695756602, -1.1246421519449292, -1.1333550305482238, -1.1109805330141551, -1.1278576343658056]","[[-0.5523488286980579, 0.15805777592949616, -0.019191962610100477], [-0.05070048353269116, -0.09781408203631592, 0.2858816506162998], [0.22382633195098434, -0.047055411960726254, 0.19069813841623817], [-0.26287979303207576, 0.059527627397069516, 0.20002019379487002], [-0.2844767409419845, 0.034144639181739045, 0.15375800545694485], [0.5649925808524078, -0.09444121943576222, 0.13197097514231038], [0.020153678437262977, -0.03420512597120509, 0.23175463882924252], [-0.12124566366559003, 0.05796873062492475, -0.025809040632913893], [0.20420727669004016, -0.6977791547110832, 0.20192782975719137], [0.28670365480742965, -0.07918265635727931, 0.21203062688687602], [0.007981671178372896, -0.013304043029752827, 0.23688961569541445], [-0.16318598967437004, -0.08796361711434861, 0.1370505540341104], [0.15211146525809338, -0.09400678926110828, 0.2240002963587633], [0.03212292916630566, 0.34414076638999447, 0.21267984207952406], [0.2072353567432833, -0.13878769238242455, 0.28115526544217134]]",-1.1373842695756602,"[0.007981671178372896, -0.013304043029752827, 0.23688961569541445]"
"[[-1.3721345961540488, 0.43492506823751953, -0.3736780265119965], [-0.308104162214752, -0.572463003259905, 0.16335655169241636], [-0.07282181408212779, 0.02890143304023618, 0.16492672909535283], [-0.6111559812062419, -0.10916426625167822, 0.25945614062603284], [-1.2516508287753925, 0.45307861834351665, -0.16652620530373297], [-0.9025400408319749, 0.6966563531523774, 0.5054761130515864], [-0.025810333989621546, 0.08697253096861703, 0.04123455652821323], [-0.02284236165649054, 0.153929105556868, -0.5241351634519372], [0.13324459543801323, -3.7057094697079975, -1.83232968059926], [0.08781906230423028, -0.15564814452438708, 0.5101419281321189], [-0.5654093352324752, -0.057600932563899344, 0.10279862501995668], [-0.864667691014244, -0.15154830897417515, -0.283804224519587], [-0.2729622626773751, 0.2225405982023685, -0.09784945173131077], [0.5598072918620182, 0.006635520916115439, -0.11092678922553717], [0.1168497383411917, -0.0714021656798689, -1.408299687000829]]","[[-0.020953566925590472, 0.30682406535951945, -0.1568712671939331], [-0.1716526230672876, -0.3787220980233367, 0.34868186329934653], [0.8715654986219159, -0.052562179313921126, 0.19113486234719915], [-0.3743542218312169, -0.05233399885979191, 0.6145769493032711], [-1.2469323628701945, 0.2625286428794266, -0.022901022403597454], [-0.6359350101730964, 0.30585074807972407, -0.03346012976683532], [-0.009915608579531887, 0.05806146818453907, 0.261922903563183], [-0.12412823849850774, 0.15641887874964275, -0.2207436572218543], [0.060514852101437616, -8.514705992495237, -0.2149716889515194], [0.042579837563668926, -0.11768724449904419, 0.5078956961394375], [-0.6926905648897919, -0.13263980204370804, 0.29084498788519964], [-0.36951882201593467, -0.14800238840011584, 0.06487105315518882], [-0.6760568264686105, -0.1480307013232749, 0.4358184102159429], [-0.020773542463192074, 0.06718804500821426, 0.17838853944326516], [0.09650714207948724, -0.2300534033641954, 0.18298101830513458]]","[-0.8332563417877722, -1.1202855306294925, -0.9716721919593999, -1.115742099587162, -1.1272080347264792, -0.9044278873303571, -1.1369078638161783, -1.132879453181632, -0.3487537808874127, -1.1160200208731867, -1.130765034254946, -1.0803695602322716, -1.0123094485133806, -1.0724045189347535, -0.490871413274863]","[-1.067111119681531, -1.1322385626574047, -1.12811302471693, -1.1249841002728393, -1.1272080347264792, -1.0784877063187945, -1.1369915745148795, -1.132879453181632, -1.0559358547194668, -1.1231572211081444, -1.1373842695756602, -1.1246421519449292, -1.1333550305482238, -1.1109805330141551, -1.1278576343658056]","[[-0.5523488286980579, 0.15805777592949616, -0.019191962610100477], [-0.05070048353269116, -0.09781408203631592, 0.2858816506162998], [0.22382633195098434, -0.047055411960726254, 0.19069813841623817], [-0.26287979303207576, 0.059527627397069516, 0.20002019379487002], [0.004718465905197977, -0.19054997546409003, 0.1436251829001355], [0.5649925808524078, -0.09444121943576222, 0.13197097514231038], [0.020153678437262977, -0.03420512597120509, 0.23175463882924252], [-0.1012858768420172, 0.0024897731927747413, 0.30339150623008293], [0.20420727669004016, -0.6977791547110832, 0.20192782975719137], [0.28670365480742965, -0.07918265635727931, 0.21203062688687602], [0.007981671178372896, -0.013304043029752827, 0.23688961569541445], [-0.16318598967437004, -0.08796361711434861, 0.1370505540341104], [0.15211146525809338, -0.09400678926110828, 0.2240002963587633], [0.03212292916630566, 0.34414076638999447, 0.21267984207952406], [0.2072353567432833, -0.13878769238242455, 0.28115526544217134]]",-1.1373842695756602,"[0.007981671178372896, -0.013304043029752827, 0.23688961569541445]"
"[[-1.5012006933372002, 0.11874583567541255, -0.05885641532670019], [-0.0005909310180163829, -0.18982870846377878, 0.041025748828801736], [-1.3788980140371299, 0.05175727177050035, 0.192898214030277], [-0.40809909326058846, -0.04312927358486069, -0.4349274323652449], [-0.7557206841438808, -0.010274791158192242, 0.2189129938172874], [0.2252247373354107, -0.28943146245197254, 0.48704505347599125], [0.007844086854049331, -0.04471687368356448, 0.01650592296648766], [0.14185672445909575, 0.046912779562303906, 0.4264520476010042], [0.25953356725584287, 9.540773497122997, -0.602808879056302], [0.27560623355746733, -0.0918991541080286, 0.17571424211224984], [-0.18415186794439425, 0.23136962296598337, -0.013209549698968537], [-0.32613755664605143, -0.07964299720569375, -0.06292898849722128], [0.8226956459054338, 0.33083603718200577, -0.16840879141628726], [0.47286422718326676, -0.03825912124616612, -0.01823137640511588], [0.166690364486008, 0.1831905931179162, -0.9342738330925652]]","[[-1.5221542602627907, 0.425569901034932, -0.2157276825206333], [-0.17224355408530398, -0.5685508064871154, 0.38970761212814825], [-0.507332515415214, -0.0008049075434207742, 0.38403307637747613], [-0.7824533150918054, -0.09546327244465261, 0.17964951693802622], [-2.0026530470140753, 0.2522538517212344, 0.19601197141368995], [-0.4107102728376857, 0.016419285627751523, 0.45358492370915593], [-0.0020715217254825558, 0.01334459450097459, 0.27842882652967066], [0.017728485960588014, 0.20333165831194666, 0.2057083903791499], [0.32004841935728046, 1.0260675046277594, -0.8177805680078214], [0.3181860711211363, -0.2095863986070728, 0.6836099382516874], [-0.8768424328341862, 0.09872982092227534, 0.2776354381862311], [-0.695656378661986, -0.2276453856058096, 0.001942064657967535], [0.14663881943682322, 0.18280533585873088, 0.26740961879965564], [0.4520906847200747, 0.028928923762048142, 0.16015716303814928], [0.26319750656549523, -0.046862810246279224, -0.7512928147874306]]","[-1.0634615618047036, -1.0840376517444632, -0.99747195084981, -1.0439352719380004, -0.8855184369350313, -1.0513799418463015, -1.1361832296136751, -1.0547369301703706, -0.5272031944690123, -1.1033046766299537, -1.020548150190188, -1.0861917683307434, -1.0059727935980405, -1.135574223649931, -1.1278091307660785]","[-1.067111119681531, -1.1322385626574047, -1.12811302471693, -1.1249841002728393, -1.1272080347264792, -1.0784877063187945, -1.1369915745148795, -1.132879453181632, -1.0559358547194668, -1.1231572211081444, -1.1373842695756602, -1.1246421519449292, -1.1333550305482238, -1.135574223649931, -1.1278576343658056]","[[-0.5523488286980579, 0.15805777592949616, -0.019191962610100477], [-0.05070048353269116, -0.09781408203631592, 0.2858816506162998], [0.22382633195098434, -0.047055411960726254, 0.19069813841623817], [-0.26287979303207576, 0.059527627397069516, 0.20002019379487002], [0.004718465905197977, -0.19054997546409003, 0.1436251829001355], [0.5649925808524078, -0.09444121943576222, 0.13197097514231038], [0.020153678437262977, -0.03420512597120509, 0.23175463882924252], [-0.1012858768420172, 0.0024897731927747413, 0.30339150623008293], [0.20420727669004016, -0.6977791547110832, 0.20192782975719137], [0.28670365480742965, -0.07918265635727931, 0.21203062688687602], [0.007981671178372896, -0.013304043029752827, 0.23688961569541445], [-0.16318598967437004, -0.08796361711434861, 0.1370505540341104], [0.15211146525809338, -0.09400678926110828, 0.2240002963587633], [-0.020773542463192074, 0.06718804500821426, 0.17838853944326516], [0.2072353567432833, -0.13878769238242455, 0.28115526544217134]]",-1.1373842695756602,"[0.007981671178372896, -0.013304043029752827, 0.23688961569541445]"
"[[-0.06631080300879877, -0.29608313813009923, 0.7656963438394664], [0.17100761525701805, 0.9293779070612175, -0.11415379231559107], [-0.12865498709173967, 0.013324439904298215, -0.07253671852093345], [0.8585414016446732, 0.22558190894676983, -0.27840904278801926], [1.2923113174024699, -0.20314655200638673, 0.14748352778133814], [0.40496390124963283, -0.2530846617476307, 0.1608146671099991], [0.016283206284119344, -0.09907120896416668, -0.07546706005993428], [0.043539827362609515, -0.40862732576003546, 0.46985722354842663], [-0.37583333449811207, 4.839078239037906, 0.22104579915541211], [-0.20073367345892248, 0.12416885864161976, -0.3937007618953089], [0.049755689706089484, 0.1252821395855548, -0.09145782511007827], [0.8034022023123464, 0.1965071241403038, 0.027789570268796842], [0.6572943750605817, 0.0876807061077193, -0.1478821220792455], [0.027228324205628887, -0.04708232781968985, 0.0397489797420406], [-0.09144017557722006, 0.15881449877135426, 0.012065206779134252]]","[[-1.5884650632715895, 0.12948676290483274, 0.549968661318833], [-0.0012359388282859318, 0.36082710057410206, 0.27555381981255717], [-0.6359875025069537, 0.01251953236087744, 0.31149635785654267], [0.0760880865528678, 0.13011863650211722, -0.09875952584999304], [-0.7103417296116055, 0.049107299714847646, 0.3434954991950281], [-0.0057463715880528565, -0.2366653761198792, 0.6143995908191551], [0.014211684558636788, -0.0857266144631921, 0.20296176646973638], [0.06126831332319753, -0.2052956674480888, 0.6755656139275765], [-0.055784915140831615, 5.865145743665665, -0.5967347688524093], [0.1174523976622138, -0.08541753996545302, 0.2899091763563785], [-0.8270867431280967, 0.22401196050783015, 0.18617761307615283], [0.10774582365036034, -0.0311382614655058, 0.029731634926764377], [0.803933194497405, 0.2704860419664502, 0.11952749672041013], [0.47931900892570356, -0.01815340405764171, 0.19990614278018987], [0.17175733098827517, 0.11195168852507503, -0.7392276080082963]]","[-0.7827623706708238, -1.0376549890614086, -1.0739325182774095, -1.003868018087417, -0.5832586710380759, -1.08209246702764, -1.1359822223179883, -1.1278793419734185, -0.613684514919779, -1.0363138385916586, -0.9970940497725986, -0.9918860358749971, -1.1204152255264428, -1.092383831689426, -0.7774153896376452]","[-1.067111119681531, -1.1322385626574047, -1.12811302471693, -1.1249841002728393, -1.1272080347264792, -1.08209246702764, -1.1369915745148795, -1.132879453181632, -1.0559358547194668, -1.1231572211081444, -1.1373842695756602, -1.1246421519449292, -1.1333550305482238, -1.135574223649931, -1.1278576343658056]","[[-0.5523488286980579, 0.15805777592949616, -0.019191962610100477], [-0.05070048353269116, -0.09781408203631592, 0.2858816506162998], [0.22382633195098434, -0.047055411960726254, 0.19069813841623817], [-0.26287979303207576, 0.059527627397069516, 0.20002019379487002], [0.004718465905197977, -0.19054997546409003, 0.1436251829001355], [-0.4107102728376857, 0.016419285627751523, 0.45358492370915593], [0.020153678437262977, -0.03420512597120509, 0.23175463882924252], [-0.1012858768420172, 0.0024897731927747413, 0.30339150623008293], [0.20420727669004016, -0.6977791547110832, 0.20192782975719137], [0.28670365480742965, -0.07918265635727931, 0.21203062688687602], [0.007981671178372896, -0.013304043029752827, 0.23688961569541445], [-0.16318598967437004, -0.08796361711434861, 0.1370505540341104], [0.15211146525809338, -0.09400678926110828, 0.2240002963587633], [-0.020773542463192074, 0.06718804500821426, 0.17838853944326516], [0.2072353567432833, -0.13878769238242455, 0.28115526544217134]]",-1.1373842695756602,"[0.007981671178372896, -0.013304043029752827, 0.23688961569541445]"
"[[1.133467237628819, -0.3434335278451093, -0.19163105621336363], [0.07974373243796345, 0.041865746723748654, -0.13223534685728147], [1.8164831205849208, -0.051218681829683844, -0.09328536776712189], [0.21225519178823216, 0.10004613273420361, 0.29562343503794847], [2.3375424614642144, -0.4174998303067939, -0.291837058754902], [0.32073072929217167, 0.08697173563686592, -0.5092282692213758], [0.007662869498540873, -0.022836523604539354, -0.047523514738133994], [-0.03584348993201261, -0.08488294508087033, -0.3322930975870218], [-0.20975932883108578, -11.09709612960108, 1.7088160816722886], [-0.2641293920489102, 0.1564555370826721, -0.32933560251453375], [1.6501558153573426, -0.24442101506670044, 0.007791200217953662], [0.3748406681000166, 0.10427316071193472, 0.2538146719475304], [-0.633563214352698, -0.5348790868285456, 0.011501751948517602], [-1.2473841539231683, 0.018394932476201394, 0.04910230558360665], [-0.1866489686706504, -0.054523849192762486, 2.1579100201028973]]","[[-0.45499782564277047, -0.21394676494027653, 0.3583376051054694], [0.07850779360967752, 0.4026928472978507, 0.1433184729552757], [1.180495618077967, -0.038699149468806406, 0.2182109900894208], [0.28834327834109996, 0.23016476923632084, 0.19686390918795543], [1.627200731852609, -0.3683925305919462, 0.051658440440126074], [0.3149843577041188, -0.14969364048301328, 0.10517132159777931], [0.021874554057177663, -0.10856313806773146, 0.1554382517316024], [0.025424823391184917, -0.29017861252895916, 0.3432725163405547], [-0.2655442439719174, -5.2319503859354155, 1.1120813128198792], [-0.14667699438669643, 0.07103799711721907, -0.03942642615815528], [0.8230690722292459, -0.020409054558870293, 0.19396881329410648], [0.48258649175037693, 0.07313489924642892, 0.2835463068742948], [0.17036998014470695, -0.26439304486209536, 0.13102924866892773], [-0.7680651449974647, 0.0002415284185596847, 0.24900844836379651], [-0.014891637682375225, 0.05742783933231255, 1.418682412094601]]","[-0.6882665479533674, -1.1094465419496167, -1.0535723222008535, -1.0890216342504013, -1.0351318526420372, -1.0655337663972717, -1.1355774622727377, -1.0498292710661836, -0.8558773225884905, -1.1331030076049344, -1.0234734418163316, -1.1198616387017213, -0.9608627399645505, -1.0920752042719775, -0.7815711870426205]","[-1.067111119681531, -1.1322385626574047, -1.12811302471693, -1.1249841002728393, -1.1272080347264792, -1.08209246702764, -1.1369915745148795, -1.132879453181632, -1.0559358547194668, -1.1331030076049344, -1.1373842695756602, -1.1246421519449292, -1.1333550305482238, -1.135574223649931, -1.1278576343658056]","[[-0.5523488286980579, 0.15805777592949616, -0.019191962610100477], [-0.05070048353269116, -0.09781408203631592, 0.2858816506162998], [0.22382633195098434, -0.047055411960726254, 0.19069813841623817], [-0.26287979303207576, 0.059527627397069516, 0.20002019379487002], [0.004718465905197977, -0.19054997546409003, 0.1436251829001355], [-0.4107102728376857, 0.016419285627751523, 0.45358492370915593], [0.020153678437262977, -0.03420512597120509, 0.23175463882924252], [-0.1012858768420172, 0.0024897731927747413, 0.30339150623008293], [0.20420727669004016, -0.6977791547110832, 0.20192782975719137], [0.1174523976622138, -0.08541753996545302, 0.2899091763563785], [0.007981671178372896, -0.013304043029752827, 0.23688961569541445], [-0.16318598967437004, -0.08796361711434861, 0.1370505540341104], [0.15211146525809338, -0.09400678926110828, 0.2240002963587633], [-0.020773542463192074, 0.06718804500821426, 0.17838853944326516], [0.2072353567432833, -0.13878769238242455, 0.28115526544217134]]",-1.1373842695756602,"[0.007981671178372896, -0.013304043029752827, 0.23688961569541445]"
"[[1.1846862536011558, 0.024595026817871013, -0.4255838363792793], [-0.13447813156483096, -1.1534829057216, 0.04825261063952552], [-0.03379551558591798, -0.013088276491957155, -0.06603325738080873], [-0.710724986855836, -0.2834750556586053, 0.2778179293431508], [-0.2821475662598032, -0.045583482097187274, -0.1187696114958164], [0.04615819075049815, 0.15175057867384734, -0.22678924732536734], [0.003921675420113911, 0.18299529458798047, 0.056077225278650715], [-0.09401017797679422, 0.16157863030729425, -0.3903254880940459], [0.6277919500238422, 1.3406929693303526, 0.27136934283915504], [-0.013775639663124058, -0.08378942394351724, 0.11727536754118545], [0.27097595920999956, -0.18442187446881636, 0.060900620410376985], [-0.4717889000448886, 0.03619671284727352, 0.12924129885216726], [-0.7153465776637028, -0.10469334534679642, 0.04438950228000921], [-0.9400110631061125, 0.014363304652212914, -0.06217955135442188], [-0.07534272629927258, -0.21307299822201722, 0.31705650298275123]]","[[0.7296884279583853, -0.18935173812240552, -0.06724623127380991], [-0.05597033795515344, -0.7507900584237494, 0.1915710835948012], [1.1467001024920491, -0.051787425960763564, 0.15217773270861207], [-0.422381708514736, -0.05331028642228447, 0.47468183853110624], [1.3450531655928057, -0.4139760126891335, -0.06711117105569032], [0.36114254845461696, 0.002056938190834051, -0.12161792572758803], [0.025796229477291575, 0.07443215652024901, 0.2115154770102531], [-0.0685853545856093, -0.1285999822216649, -0.04705297175349116], [0.36224770605192486, -3.891257416605063, 1.3834506556590342], [-0.1604526340498205, -0.012751426826298165, 0.07784894138303017], [1.0940450314392454, -0.20483092902768665, 0.25486943370448345], [0.01079759170548833, 0.10933161209370244, 0.412787605726462], [-0.5449765975189959, -0.3690863902088918, 0.17541875094893694], [-1.7080762081035772, 0.014604833070772599, 0.18682889700937463], [-0.0902343639816478, -0.15564515888970468, 1.7357389150773523]]","[-1.0612805977002884, -1.095266947472648, -0.887644040499811, -1.0974971760213608, -0.749949204311613, -1.1155334290055892, -1.1331335571943604, -1.115167673435314, -0.7061173217017092, -1.1058513885448662, -1.008102011436011, -1.0811364339415999, -1.1218559491682154, -1.0204784331956749, -0.627473326530624]","[-1.067111119681531, -1.1322385626574047, -1.12811302471693, -1.1249841002728393, -1.1272080347264792, -1.1155334290055892, -1.1369915745148795, -1.132879453181632, -1.0559358547194668, -1.1331030076049344, -1.1373842695756602, -1.1246421519449292, -1.1333550305482238, -1.135574223649931, -1.1278576343658056]","[[-0.5523488286980579, 0.15805777592949616, -0.019191962610100477], [-0.05070048353269116, -0.09781408203631592, 0.2858816506162998], [0.22382633195098434, -0.047055411960726254, 0.19069813841623817], [-0.26287979303207576, 0.059527627397069516, 0.20002019379487002], [0.004718465905197977, -0.19054997546409003, 0.1436251829001355], [0.3149843577041188, -0.14969364048301328, 0.10517132159777931], [0.020153678437262977, -0.03420512597120509, 0.23175463882924252], [-0.1012858768420172, 0.0024897731927747413, 0.30339150623008293], [0.20420727669004016, -0.6977791547110832, 0.20192782975719137], [0.1174523976622138, -0.08541753996545302, 0.2899091763563785], [0.007981671178372896, -0.013304043029752827, 0.23688961569541445], [-0.16318598967437004, -0.08796361711434861, 0.1370505540341104], [0.15211146525809338, -0.09400678926110828, 0.2240002963587633], [-0.020773542463192074, 0.06718804500821426, 0.17838853944326516], [0.2072353567432833, -0.13878769238242455, 0.28115526544217134]]",-1.1373842695756602,"[0.007981671178372896, -0.013304043029752827, 0.23688961569541445]"
"[[0.7033320944365101, 0.4026575726173608, 0.1126061744393348], [-0.1029475963617699, -0.3669224168717027, 0.17613441445798994], [-1.356029867012552, 0.030999180011962252, 0.01078710154799234], [0.14690550419878412, -0.06576472652480107, -0.43593585909654076], [-0.7230178806306486, 0.5579191657583178, -0.01988514087871504], [-0.147288949879288, 0.053502057678451044, -0.05939775210073888], [-0.02302973609578666, -0.06066351789944635, 0.08607029629393247], [-0.03447877728559964, 0.22025451743751268, 0.3912410148710589], [0.1845200610480376, 6.163545027498839, -1.121193757470334], [0.2556964019394868, -0.07722574147825426, 0.23843130543505903], [-1.21197704289495, 0.06220615869008975, 0.023093119819089833], [-0.38124330625455843, -0.2427928595479067, -0.3488661508145446], [0.805603895327492, 0.37673912770726226, 0.1669092533736254], [1.8599612031526493, 0.02228220011075867, 0.0006377608676619365], [0.19955362984510697, -0.06714439815764406, -2.5998793644793072]]","[[1.4330205223948953, 0.21330583449495527, 0.045359943165524885], [-0.15891793431692333, -1.117712475295452, 0.3677054980527912], [-0.20932976452050278, -0.020788245948801312, 0.1629648342566044], [-0.2754762043159519, -0.11907501294708554, 0.03874597943456548], [0.6220352849621571, 0.14394315306918432, -0.08699631193440537], [0.21385359857532896, 0.055558995869285095, -0.18101567782832692], [0.0027664933815049163, 0.013768638620802659, 0.29758577330418556], [-0.10306413187120894, 0.09165453521584777, 0.34418804311756773], [0.5467677670999624, 2.272287610893776, 0.26225689818870035], [0.09524376788966629, -0.08997716830455242, 0.3162802468180892], [-0.11793201145570453, -0.1426247703375969, 0.2779625535235733], [-0.3704457145490701, -0.13346124745420423, 0.06392145491191742], [0.26062729780849614, 0.0076527374983704766, 0.34232800432256233], [0.15188499504907216, 0.03688703318153127, 0.18746665787703656], [0.10931926586345916, -0.22278955704734874, -0.8641404494019549]]","[-1.0247060813044961, -1.0193290390007568, -0.9042206974337491, -1.0706555224281553, -0.8545802133390695, -1.0657320342167411, -1.1356279246084315, -1.1016672490320663, -0.19954744716609624, -1.1229781436477442, -0.9355996066313357, -1.1207903774177488, -1.0162316505588755, -0.6735910716780371, -0.3743942272706246]","[-1.067111119681531, -1.1322385626574047, -1.12811302471693, -1.1249841002728393, -1.1272080347264792, -1.1155334290055892, -1.1369915745148795, -1.132879453181632, -1.0559358547194668, -1.1331030076049344, -1.1373842695756602, -1.1246421519449292, -1.1333550305482238, -1.135574223649931, -1.1278576343658056]","[[-0.5523488286980579, 0.15805777592949616, -0.019191962610100477], [-0.05070048353269116, -0.09781408203631592, 0.2858816506162998], [0.22382633195098434, -0.047055411960726254, 0.19069813841623817], [-0.26287979303207576, 0.059527627397069516, 0.20002019379487002], [0.004718465905197977, -0.19054997546409003, 0.1436251829001355], [0.3149843577041188, -0.14969364048301328, 0.10517132159777931], [0.020153678437262977, -0.03420512597120509, 0.23175463882924252], [-0.1012858768420172, 0.0024897731927747413, 0.30339150623008293], [0.20420727669004016, -0.6977791547110832, 0.20192782975719137], [0.1174523976622138, -0.08541753996545302, 0.2899091763563785], [0.007981671178372896, -0.013304043029752827, 0.23688961569541445], [-0.16318598967437004, -0.08796361711434861, 0.1370505540341104], [0.15211146525809338, -0.09400678926110828, 0.2240002963587633], [-0.020773542463192074, 0.06718804500821426, 0.17838853944326516], [0.2072353567432833, -0.13878769238242455, 0.28115526544217134]]",-1.1373842695756602,"[0.007981671178372896, -0.013304043029752827, 0.23688961569541445]"
"[[0.7033320944365101, 0.4026575726173608, 0.1126061744393348], [-0.1029475963617699, -0.3669224168717027, 0.17613441445798994], [-1.356029867012552, 0.030999180011962252, 0.01078710154799234], [0.14690550419878412, -0.06576472652480107, -0.43593585909654076], [-0.7230178806306486, 0.5579191657583178, -0.01988514087871504], [-0.147288949879288, 0.053502057678451044, -0.05939775210073888], [-0.02302973609578666, -0.06066351789944635, 0.08607029629393247], [-0.03447877728559964, 0.22025451743751268, 0.3912410148710589], [0.1845200610480376, 6.163545027498839, -1.121193757470334], [0.2556964019394868, -0.07722574147825426, 0.23843130543505903], [-1.21197704289495, 0.06220615869008975, 0.023093119819089833], [-0.38124330625455843, -0.2427928595479067, -0.3488661508145446], [0.805603895327492, 0.37673912770726226, 0.1669092533736254], [1.8599612031526493, 0.02228220011075867, 0.0006377608676619365], [0.19955362984510697, -0.06714439815764406, -2.5998793644793072]]","[[1.4330205223948953, 0.21330583449495527, 0.045359943165524885], [-0.15891793431692333, -1.117712475295452, 0.3677054980527912], [-0.20932976452050278, -0.020788245948801312, 0.1629648342566044], [-0.2754762043159519, -0.11907501294708554, 0.03874597943456548], [0.6220352849621571, 0.14394315306918432, -0.08699631193440537], [0.21385359857532896, 0.055558995869285095, -0.18101567782832692], [0.0027664933815049163, 0.013768638620802659, 0.29758577330418556], [-0.10306413187120894, 0.09165453521584777, 0.34418804311756773], [0.5467677670999624, 2.272287610893776, 0.26225689818870035], [0.09524376788966629, -0.08997716830455242, 0.3162802468180892], [-0.11793201145570453, -0.1426247703375969, 0.2779625535235733], [-0.3704457145490701, -0.13346124745420423, 0.06392145491191742], [0.26062729780849614, 0.0076527374983704766, 0.34232800432256233], [0.15188499504907216, 0.03688703318153127, 0.18746665787703656], [0.10931926586345916, -0.22278955704734874, -0.8641404494019549]]","[-0.7399885015892348, -0.8622806954238738, -1.1257581162057169, -1.0998851667453884, -1.0103443523401974, -1.060808930670971, -1.1351119610386948, -1.129325326726291, -0.3288151607174089, -1.1317039221298397, -1.1262248197051032, -1.0878533989371317, -1.1172507163458405, -1.1306698829478614, -0.703167382565256]","[-1.067111119681531, -1.1322385626574047, -1.12811302471693, -1.1249841002728393, -1.1272080347264792, -1.1155334290055892, -1.1369915745148795, -1.132879453181632, -1.0559358547194668, -1.1331030076049344, -1.1373842695756602, -1.1246421519449292, -1.1333550305482238, -1.135574223649931, -1.1278576343658056]","[[-0.5523488286980579, 0.15805777592949616, -0.019191962610100477], [-0.05070048353269116, -0.09781408203631592, 0.2858816506162998], [0.22382633195098434, -0.047055411960726254, 0.19069813841623817], [-0.26287979303207576, 0.059527627397069516, 0.20002019379487002], [0.004718465905197977, -0.19054997546409003, 0.1436251829001355], [0.3149843577041188, -0.14969364048301328, 0.10517132159777931], [0.020153678437262977, -0.03420512597120509, 0.23175463882924252], [-0.1012858768420172, 0.0024897731927747413, 0.30339150623008293], [0.20420727669004016, -0.6977791547110832, 0.20192782975719137], [0.1174523976622138, -0.08541753996545302, 0.2899091763563785], [0.007981671178372896, -0.013304043029752827, 0.23688961569541445], [-0.16318598967437004, -0.08796361711434861, 0.1370505540341104], [0.15211146525809338, -0.09400678926110828, 0.2240002963587633], [-0.020773542463192074, 0.06718804500821426, 0.17838853944326516], [0.2072353567432833, -0.13878769238242455, 0.28115526544217134]]",-1.1373842695756602,"[0.007981671178372896, -0.013304043029752827, 0.23688961569541445]"
